output_id,novelty,plausibility,hallucination,rater_note
01,2,4,0,"Strong but fairly expected pipeline idea."
02,4,3,0,"Corpus-quality bottleneck claim is creative."
03,2,4,0,"Standard biomedical foundation-model approach."
04,2,5,0,"Reasonable but not particularly new."
05,3,4,0,"Agent plus RAG combination is sensible."
06,5,4,0,"Experience-driven retrieval sharpening is genuinely original."
07,2,5,0,"Reads as a natural extension."
08,2,4,0,"Strong but a classical extrapolation."
09,4,4,0,"Differentiable planning framework angle is creative."
10,5,3,0,"Protein-weather structural isomorphism is bold and interesting."
11,2,5,0,"More of a summary or paradigm statement."
12,4,3,0,"Cross-domain pretraining transfer is interesting but speculative."
13,4,4,0,"Climate-biodiversity-drug loop is a strong idea."
14,3,3,0,"Closer to hype framing but not factually wrong."
15,5,4,0,"Climate adaptation agent loop is quite creative."
